pair,method,seed,run_dir,status,wall_seconds,wall_minutes
qwen3_0.6b_to_minilm_h384,rkd,42,/home/tensara/projects/embedding-kd/runs/main_results_h200_gpu2_20260903-1650/qwen3_0.6b_to_minilm_h384/rkd/seed_42,skipped_complete,193.84265011548996,3.230710835258166
qwen3_0.6b_to_minilm_h384,rkd,43,/home/tensara/projects/embedding-kd/runs/main_results_h200_gpu2_20260903-1650/qwen3_0.6b_to_minilm_h384/rkd/seed_43,skipped_complete,202.81547288037837,3.3802578813396393
qwen3_0.6b_to_minilm_h384,rkd,44,/home/tensara/projects/embedding-kd/runs/main_results_h200_gpu2_20260903-1650/qwen3_0.6b_to_minilm_h384/rkd/seed_44,skipped_complete,187.3300224794075,3.122167041323458
qwen3_0.6b_to_minilm_h384,stella,42,/home/tensara/projects/embedding-kd/runs/main_results_h200_gpu2_20260903-1650/qwen3_0.6b_to_minilm_h384/stella/seed_42,skipped_complete,584.0199795896187,9.733666326493646
qwen3_0.6b_to_minilm_h384,geoode,42,/home/tensara/projects/embedding-kd/runs/main_results_h200_gpu2_20260903-1650/qwen3_0.6b_to_minilm_h384/geoode/seed_42,skipped_complete,172.79468868952245,2.8799114781587076
qwen3_0.6b_to_minilm_h384,geoode,43,/home/tensara/projects/embedding-kd/runs/main_results_h200_gpu2_20260903-1650/qwen3_0.6b_to_minilm_h384/geoode/seed_43,skipped_complete,179.83030206616968,2.997171701102828
qwen3_0.6b_to_minilm_h384,geoode,44,/home/tensara/projects/embedding-kd/runs/main_results_h200_gpu2_20260903-1650/qwen3_0.6b_to_minilm_h384/geoode/seed_44,skipped_complete,173.81352818384767,2.896892136397461
bge_m3_to_minilm_h768,geoode,42,/home/tensara/projects/embedding-kd/runs/main_results_h200_gpu2_20260903-1650/bge_m3_to_minilm_h768/geoode/seed_42,skipped_complete,221.0506601491943,3.684177669153238
qwen3_4b_to_bert_base,geoode,42,/home/tensara/projects/embedding-kd/runs/main_results_h200_gpu2_20260903-1650/qwen3_4b_to_bert_base/geoode/seed_42,complete,267.6439142720774,4.460731904534623
bge_m3_to_minilm_h768,geoode,43,/home/tensara/projects/embedding-kd/runs/main_results_h200_gpu2_20260903-1650/bge_m3_to_minilm_h768/geoode/seed_43,complete,190.03690754249692,3.167281792374949
bge_m3_to_minilm_h768,geoode,44,/home/tensara/projects/embedding-kd/runs/main_results_h200_gpu2_20260903-1650/bge_m3_to_minilm_h768/geoode/seed_44,complete,200.6177833713591,3.3436297228559853
qwen3_4b_to_bert_base,geoode,43,/home/tensara/projects/embedding-kd/runs/main_results_h200_gpu2_20260903-1650/qwen3_4b_to_bert_base/geoode/seed_43,complete,283.72687991987914,4.728781331997985
qwen3_4b_to_bert_base,geoode,44,/home/tensara/projects/embedding-kd/runs/main_results_h200_gpu2_20260903-1650/qwen3_4b_to_bert_base/geoode/seed_44,complete,257.3183276169002,4.288638793615004
qwen3_0.6b_to_minilm_h384,talas,42,/home/tensara/projects/embedding-kd/runs/main_results_h200_gpu2_20260903-1650/qwen3_0.6b_to_minilm_h384/talas/seed_42,complete,437.26319392118603,7.287719898686434
qwen3_0.6b_to_minilm_h384,talas,43,/home/tensara/projects/embedding-kd/runs/main_results_h200_gpu2_20260903-1650/qwen3_0.6b_to_minilm_h384/talas/seed_43,complete,425.1907615363598,7.086512692272663
qwen3_0.6b_to_minilm_h384,talas,44,/home/tensara/projects/embedding-kd/runs/main_results_h200_gpu2_20260903-1650/qwen3_0.6b_to_minilm_h384/talas/seed_44,complete,430.1875304840505,7.169792174734175
bge_m3_to_minilm_h768,talas,42,/home/tensara/projects/embedding-kd/runs/main_results_h200_gpu2_20260903-1650/bge_m3_to_minilm_h768/talas/seed_42,complete,444.2784034917131,7.404640058195218
bge_m3_to_minilm_h768,talas,43,/home/tensara/projects/embedding-kd/runs/main_results_h200_gpu2_20260903-1650/bge_m3_to_minilm_h768/talas/seed_43,complete,431.25141616910696,7.187523602818449
bge_m3_to_minilm_h768,talas,44,/home/tensara/projects/embedding-kd/runs/main_results_h200_gpu2_20260903-1650/bge_m3_to_minilm_h768/talas/seed_44,complete,406.1212792340666,6.768687987234443
qwen3_4b_to_bert_base,talas,42,/home/tensara/projects/embedding-kd/runs/main_results_h200_gpu2_20260903-1650/qwen3_4b_to_bert_base/talas/seed_42,complete,740.8035892974585,12.346726488290976
qwen3_4b_to_bert_base,talas,43,/home/tensara/projects/embedding-kd/runs/main_results_h200_gpu2_20260903-1650/qwen3_4b_to_bert_base/talas/seed_43,complete,736.872789288871,12.281213154814516
qwen3_4b_to_bert_base,talas,44,/home/tensara/projects/embedding-kd/runs/main_results_h200_gpu2_20260903-1650/qwen3_4b_to_bert_base/talas/seed_44,complete,726.9002464096993,12.115004106828321
bge_m3_to_minilm_h768,rkd,42,/home/tensara/projects/embedding-kd/runs/main_results_h200_gpu2_20260903-1650/bge_m3_to_minilm_h768/rkd/seed_42,complete,198.04631847981364,3.3007719746635606
bge_m3_to_minilm_h768,rkd,43,/home/tensara/projects/embedding-kd/runs/main_results_h200_gpu2_20260903-1650/bge_m3_to_minilm_h768/rkd/seed_43,complete,193.94197562616318,3.232366260436053
bge_m3_to_minilm_h768,rkd,44,/home/tensara/projects/embedding-kd/runs/main_results_h200_gpu2_20260903-1650/bge_m3_to_minilm_h768/rkd/seed_44,complete,197.054755625315,3.2842459270885835
qwen3_4b_to_bert_base,rkd,42,/home/tensara/projects/embedding-kd/runs/main_results_h200_gpu2_20260903-1650/qwen3_4b_to_bert_base/rkd/seed_42,complete,298.5580547777936,4.975967579629893
qwen3_4b_to_bert_base,rkd,43,/home/tensara/projects/embedding-kd/runs/main_results_h200_gpu2_20260903-1650/qwen3_4b_to_bert_base/rkd/seed_43,complete,299.6411585928872,4.994019309881454
qwen3_4b_to_bert_base,rkd,44,/home/tensara/projects/embedding-kd/runs/main_results_h200_gpu2_20260903-1650/qwen3_4b_to_bert_base/rkd/seed_44,complete,296.59017316251993,4.943169552708666
bge_m3_to_minilm_h768,emo,42,/home/tensara/projects/embedding-kd/runs/main_results_h200_gpu2_20260903-1650/bge_m3_to_minilm_h768/emo/seed_42,complete,12956.369072210044,215.93948453683407
qwen3_0.6b_to_minilm_h384,cdm,42,/home/tensara/projects/embedding-kd/runs/main_results_h200_gpu2_20260903-1650/qwen3_0.6b_to_minilm_h384/cdm/seed_42,complete,1865.5322318887338,31.09220386481223
qwen3_0.6b_to_minilm_h384,emo,43,/home/tensara/projects/embedding-kd/runs/main_results_h200_gpu2_20260903-1650/qwen3_0.6b_to_minilm_h384/emo/seed_43,complete,16287.57019018475,271.4595031697458
qwen3_0.6b_to_minilm_h384,cdm,43,/home/tensara/projects/embedding-kd/runs/main_results_h200_gpu2_20260903-1650/qwen3_0.6b_to_minilm_h384/cdm/seed_43,complete,2133.2100274069235,35.55350045678206
qwen3_0.6b_to_minilm_h384,cdm,44,/home/tensara/projects/embedding-kd/runs/main_results_h200_gpu2_20260903-1650/qwen3_0.6b_to_minilm_h384/cdm/seed_44,complete,2640.157870756462,44.00263117927437
bge_m3_to_minilm_h768,cdm,42,/home/tensara/projects/embedding-kd/runs/main_results_h200_gpu2_20260903-1650/bge_m3_to_minilm_h768/cdm/seed_42,complete,2058.2726919399574,34.30454486566596
bge_m3_to_minilm_h768,cdm,43,/home/tensara/projects/embedding-kd/runs/main_results_h200_gpu2_20260903-1650/bge_m3_to_minilm_h768/cdm/seed_43,complete,1667.2033448675647,27.786722414459412
bge_m3_to_minilm_h768,cdm,44,/home/tensara/projects/embedding-kd/runs/main_results_h200_gpu2_20260903-1650/bge_m3_to_minilm_h768/cdm/seed_44,complete,1699.909816388972,28.331830273149535
qwen3_0.6b_to_minilm_h384,dskd,42,/home/tensara/projects/embedding-kd/runs/main_results_h200_gpu2_20260903-1650/qwen3_0.6b_to_minilm_h384/dskd/seed_42,complete,507.3524929918349,8.455874883197248
qwen3_0.6b_to_minilm_h384,dskd,43,/home/tensara/projects/embedding-kd/runs/main_results_h200_gpu2_20260903-1650/qwen3_0.6b_to_minilm_h384/dskd/seed_43,complete,546.3193955151364,9.105323258585607
qwen3_0.6b_to_minilm_h384,dskd,44,/home/tensara/projects/embedding-kd/runs/main_results_h200_gpu2_20260903-1650/qwen3_0.6b_to_minilm_h384/dskd/seed_44,complete,618.2107635047287,10.30351272507881
bge_m3_to_minilm_h768,dskd,42,/home/tensara/projects/embedding-kd/runs/main_results_h200_gpu2_20260903-1650/bge_m3_to_minilm_h768/dskd/seed_42,complete,454.65840810351074,7.5776401350585125
bge_m3_to_minilm_h768,dskd,43,/home/tensara/projects/embedding-kd/runs/main_results_h200_gpu2_20260903-1650/bge_m3_to_minilm_h768/dskd/seed_43,complete,458.4786897469312,7.641311495782187
bge_m3_to_minilm_h768,dskd,44,/home/tensara/projects/embedding-kd/runs/main_results_h200_gpu2_20260903-1650/bge_m3_to_minilm_h768/dskd/seed_44,complete,465.20964509248734,7.753494084874789
qwen3_0.6b_to_minilm_h384,stella,43,/home/tensara/projects/embedding-kd/runs/main_results_h200_gpu2_20260903-1650/qwen3_0.6b_to_minilm_h384/stella/seed_43,complete,925.0862909071147,15.418104848451913
qwen3_0.6b_to_minilm_h384,stella,44,/home/tensara/projects/embedding-kd/runs/main_results_h200_gpu2_20260903-1650/qwen3_0.6b_to_minilm_h384/stella/seed_44,complete,925.8595427190885,15.430992378651474
bge_m3_to_minilm_h768,stella,42,/home/tensara/projects/embedding-kd/runs/main_results_h200_gpu2_20260903-1650/bge_m3_to_minilm_h768/stella/seed_42,complete,652.3222327139229,10.872037211898714
bge_m3_to_minilm_h768,stella,43,/home/tensara/projects/embedding-kd/runs/main_results_h200_gpu2_20260903-1650/bge_m3_to_minilm_h768/stella/seed_43,complete,628.2579869162291,10.47096644860382
bge_m3_to_minilm_h768,stella,44,/home/tensara/projects/embedding-kd/runs/main_results_h200_gpu2_20260903-1650/bge_m3_to_minilm_h768/stella/seed_44,complete,639.166331035085,10.652772183918083
qwen3_0.6b_to_minilm_h384,emo,42,/home/tensara/projects/embedding-kd/runs/main_results_h200_gpu2_20260903-1650/qwen3_0.6b_to_minilm_h384/emo/seed_42,complete,30808.967902243137,513.4827983707189
qwen3_0.6b_to_minilm_h384,emo,44,/home/tensara/projects/embedding-kd/runs/main_results_h200_gpu2_20260903-1650/qwen3_0.6b_to_minilm_h384/emo/seed_44,complete,31321.064955028705,522.0177492504785
bge_m3_to_minilm_h768,emo,43,/home/tensara/projects/embedding-kd/runs/main_results_h200_gpu2_20260903-1650/bge_m3_to_minilm_h768/emo/seed_43,complete,40133.924899247475,668.8987483207912
bge_m3_to_minilm_h768,emo,44,/home/tensara/projects/embedding-kd/runs/main_results_h200_gpu2_20260903-1650/bge_m3_to_minilm_h768/emo/seed_44,complete,35702.47351008188,595.0412251680314
qwen3_4b_to_bert_base,emo,42,/home/tensara/projects/embedding-kd/runs/main_results_h200_gpu2_20260903-1650/qwen3_4b_to_bert_base/emo/seed_42,complete,19992.989542873576,333.21649238122626
qwen3_4b_to_bert_base,emo,43,/home/tensara/projects/embedding-kd/runs/main_results_h200_gpu2_20260903-1650/qwen3_4b_to_bert_base/emo/seed_43,complete,20448.260974172503,340.8043495695417
qwen3_4b_to_bert_base,cdm,42,/home/tensara/projects/embedding-kd/runs/main_results_h200_gpu2_20260903-1650/qwen3_4b_to_bert_base/cdm/seed_42,complete,1904.2553652059287,31.73758942009881
qwen3_4b_to_bert_base,cdm,43,/home/tensara/projects/embedding-kd/runs/main_results_h200_gpu2_20260903-1650/qwen3_4b_to_bert_base/cdm/seed_43,complete,1950.3142333412543,32.50523722235424
qwen3_4b_to_bert_base,cdm,44,/home/tensara/projects/embedding-kd/runs/main_results_h200_gpu2_20260903-1650/qwen3_4b_to_bert_base/cdm/seed_44,complete,1892.1231252821162,31.535385421368606
qwen3_4b_to_bert_base,dskd,42,/home/tensara/projects/embedding-kd/runs/main_results_h200_gpu2_20260903-1650/qwen3_4b_to_bert_base/dskd/seed_42,complete,1008.4416665807366,16.807361109678943
qwen3_4b_to_bert_base,dskd,43,/home/tensara/projects/embedding-kd/runs/main_results_h200_gpu2_20260903-1650/qwen3_4b_to_bert_base/dskd/seed_43,complete,1084.736021751538,18.078933695858964
qwen3_4b_to_bert_base,dskd,44,/home/tensara/projects/embedding-kd/runs/main_results_h200_gpu2_20260903-1650/qwen3_4b_to_bert_base/dskd/seed_44,complete,1154.1661921544,19.236103202573336
qwen3_4b_to_bert_base,stella,42,/home/tensara/projects/embedding-kd/runs/main_results_h200_gpu2_20260903-1650/qwen3_4b_to_bert_base/stella/seed_42,complete,1406.9186656912789,23.448644428187983
qwen3_4b_to_bert_base,stella,43,/home/tensara/projects/embedding-kd/runs/main_results_h200_gpu2_20260903-1650/qwen3_4b_to_bert_base/stella/seed_43,complete,1388.5758666414768,23.14293111069128
qwen3_4b_to_bert_base,stella,44,/home/tensara/projects/embedding-kd/runs/main_results_h200_gpu2_20260903-1650/qwen3_4b_to_bert_base/stella/seed_44,complete,1214.2937529487535,20.23822921581256
qwen3_4b_to_bert_base,emo,44,/home/tensara/projects/embedding-kd/runs/main_results_h200_gpu2_20260903-1650/qwen3_4b_to_bert_base/emo/seed_44,complete,14631.615380057134,243.86025633428557
